Timestamp,SKU,Location
2025-04-04 23:03:38,INMH4K00S,R2M77-S-AO1
2025-04-04 23:03:46,INMH4K00M,R2M77-S-BO1
2025-04-04 23:03:48,INMH4K00L,R2M77-S-CO1
2025-04-04 23:03:50,INMH4K0XL,R2M77-S-DO1
2025-04-04 23:04:07,MEHDCJ00S,R2M75-N-AO1
2025-04-04 23:04:10,MEHDCJ00M,R2M75-N-BO1
2025-04-04 23:04:12,MEHDCJ00L,R2M75-N-CO1
2025-04-04 23:04:14,MEHDCJ0XL,R2M75-N-DO1
2025-04-04 23:04:18,MEHDZ500S,R2N75-N-AO1
2025-04-04 23:04:21,MEHDZ500M,R2N75-N-BO1
2025-04-04 23:04:23,MEHDZ500L,R2N75-N-CO1
2025-04-04 23:04:25,MEHDZ50XL,R2N75-N-DO1
2025-04-04 23:04:37,MEHDJ22XL,R2O75-N-AO1
2025-04-04 23:04:41,MEHDJ23XL,R2O75-N-BO1
2025-04-04 23:04:46,MEHDJ24XL,R2O75-N-CO1
2025-04-04 23:04:52,MEHDB92XL,R2P75-N-AO1
2025-04-04 23:04:54,MEHDB93XL,R2P75-N-BO1
2025-04-04 23:04:59,MEHD7M00S,R2Q75-N-AO1
2025-04-04 23:12:55,MEHD7M2XL,R2Q75-S-AO1
2025-04-04 23:13:02,MEHD7M3XL,R2Q75-S-BO1
2025-04-04 23:13:04,MEHD7M4XL,R2Q75-S-CO1
2025-04-04 23:13:12,MEHDB90XL,R2P75-S-DO1
2025-04-04 23:13:17,MEHDB900L,R2P75-S-CO1
2025-04-04 23:13:19,MEHDB900M,R2P75-S-BO1
2025-04-04 23:13:22,MEHDB900S,R2P75-S-AO1
2025-04-04 23:13:27,MEHDJ20XL,R2O75-S-DO1
2025-04-04 23:13:28,MEHDJ200L,R2O75-S-CO1
2025-04-04 23:13:30,MEHDJ200M,R2O75-S-BO1
2025-04-04 23:13:31,MEHDJ200M,R2O75-S-BO1
2025-04-04 23:13:35,MEHDJ200S,R2O75-S-AO1
2025-04-04 23:13:42,MEHDZ54XL,R2N75-S-CO1
2025-04-04 23:13:45,MEHDZ53XL,R2N75-S-BO1
2025-04-04 23:13:47,MEHDZ52XL,R2N75-S-AO1
2025-04-04 23:13:54,MEHDCJ2XL,R2M75-S-AO1
2025-04-04 23:14:13,YORT1D0XS,R2M73-N-AT1
2025-04-04 23:14:15,YORT1D00S,R2M73-N-AT2
2025-04-04 23:14:16,YORT1D00M,R2M73-N-AT3
2025-04-04 23:14:18,YORT1D00L,R2M73-N-BT1
2025-04-04 23:14:32,YORT1H00L,R2N73-N-DT1
2025-04-04 23:14:36,YORT1H0XL,R2N73-N-DT2
2025-04-04 23:14:39,YORT1H0XS,R2N73-N-CT1
2025-04-04 23:14:43,YORT1H00S,R2N73-N-CT2
2025-04-04 23:14:43,YORT1H00S,R2N73-N-CT2
2025-04-04 23:14:44,YORT1H00M,R2N73-N-CT3
2025-04-04 23:14:59,YORT1B00L,R2N73-N-BT1
2025-04-04 23:15:30,YORT1B0XS,R2N73-N-AT1
2025-04-04 23:15:31,YORT1B0XS,R2N73-N-AT1
2025-04-04 23:15:33,YORT1B00S,R2N73-N-AT2
2025-04-04 23:15:37,YORT1B00M,R2N73-N-AT3
2025-04-04 23:15:43,YORT1O0XS,R2O73-N-AT1
2025-04-04 23:15:44,YORT1O00S,R2O73-N-AT2
2025-04-04 23:15:45,YORT1O00M,R2O73-N-AT3
2025-04-04 23:15:47,YORT1O00L,R2O73-N-BT1
2025-04-04 23:15:49,YORT1O0XL,R2O73-N-BT2
2025-04-04 23:16:13,YORT1W0XS,R2O73-N-CT1
2025-04-04 23:16:19,YORT1W00S,R2O73-N-CT2
2025-04-04 23:16:20,YORT1W00M,R2O73-N-CT3
2025-04-04 23:16:23,YORT1W00L,R2O73-N-DT1
2025-04-04 23:16:25,YORT1W0XL,R2O73-N-DT2
2025-04-04 23:16:34,YORT4W0XS,R2P73-N-AT1
2025-04-04 23:16:36,YORT4W00S,R2P73-N-AT2
2025-04-04 23:16:38,YORT4W00M,R2P73-N-AT3
2025-04-04 23:16:41,YORT4W00L,R2P73-N-BT1
2025-04-04 23:16:42,YORT4W00L,R2P73-N-BT1
2025-04-04 23:16:42,YORT4W0XL,R2P73-N-BT2
2025-04-04 23:16:48,YORT1P0XS,R2P73-N-CT1
2025-04-04 23:16:50,YORT1P00S,R2P73-N-CT2
2025-04-04 23:16:52,YORT1P00M,R2P73-N-CT3
2025-04-04 23:16:54,YORT1P00L,R2P73-N-DT1
2025-04-04 23:16:56,YORT1P0XL,R2P73-N-DT2
2025-04-04 23:17:04,NYHSZ600S,R2Q73-N-AD1
2025-04-04 23:17:06,NYHSZ600M,R2Q73-N-AD2
2025-04-04 23:17:08,NYHSZ600L,R2Q73-N-BD1
2025-04-04 23:17:09,NYHSZ60XL,R2Q73-N-BD2
2025-04-04 23:17:26,YORT4N0XS,R2P73-S-AT1
2025-04-04 23:17:28,YORT4N00S,R2P73-S-AT2
2025-04-04 23:17:29,YORT4N00M,R2P73-S-AT3
2025-04-04 23:17:33,YORT4N00L,R2P73-S-BT1
2025-04-04 23:17:51,YORT4N0XL,R2P73-S-BT2
2025-04-04 23:17:54,YORT2E0XS,R2P73-S-CT1
2025-04-04 23:17:56,YORT2E00S,R2P73-S-CT2
2025-04-04 23:17:59,YORT2E00M,R2P73-S-CT3
2025-04-04 23:18:02,YORT2E00L,R2P73-S-DT1
2025-04-04 23:18:04,YORT2E0XL,R2P73-S-DT2
2025-04-04 23:18:13,YORT7C0XS,R2O73-S-AT1
2025-04-04 23:18:15,YORT7C00S,R2O73-S-AT2
2025-04-04 23:18:17,YORT7C00M,R2O73-S-AT3
2025-04-04 23:18:21,YORT7C00L,R2O73-S-BT1
2025-04-04 23:18:23,YORT7C0XL,R2O73-S-BT2
2025-04-04 23:18:26,YORT1N0XS,R2O73-S-CT1
2025-04-04 23:18:28,YORT1N00S,R2O73-S-CT2
2025-04-04 23:18:30,YORT1N00M,R2O73-S-CT3
2025-04-04 23:18:33,YORT1N00L,R2O73-S-DT1
2025-04-04 23:18:34,YORT1N0XL,R2O73-S-DT2
2025-04-04 23:18:41,YORT6Y0XS,R2N73-S-AT1
2025-04-04 23:18:42,YORT6Y00S,R2N73-S-AT2
2025-04-04 23:18:43,YORT6Y00S,R2N73-S-AT2
2025-04-04 23:18:48,YORT6Y00M,R2N73-S-AT3
2025-04-04 23:18:52,YORT6Y00L,R2N73-S-BT1
2025-04-04 23:18:54,YORT6Y0XL,R2N73-S-BT2
2025-04-04 23:19:02,YORT6Y00L,R2N73-S-BT3
2025-04-04 23:19:03,YORT6Y0XL,R2N73-S-BT2
2025-04-04 23:19:08,YORT1R0XS,R2N73-S-CT1
2025-04-04 23:19:09,YORT1R00S,R2N73-S-CT2
2025-04-04 23:19:11,YORT1R00M,R2N73-S-CT3
2025-04-04 23:19:13,YORT1R00L,R2N73-S-DT1
2025-04-04 23:19:15,YORT1R0XL,R2N73-S-DT2
2025-04-04 23:19:27,YORT4W0XS,R2M73-S-CT1
2025-04-04 23:19:29,YORT4W00S,R2M73-S-CT2
2025-04-04 23:19:30,YORT4W00M,R2M73-S-CT3
2025-04-04 23:19:32,YORT4W00L,R2M73-S-DT1
2025-04-04 23:19:33,YORT4W0XL,R2M73-S-DT2
2025-04-04 23:19:36,YORT4W0XL,R2M73-S-DT2
2025-04-04 23:19:48,CSST6I00S,R2M71-N-AD1
2025-04-04 23:19:50,CSST6I00M,R2M71-N-AD2
2025-04-04 23:19:52,CSST6I00L,R2M71-N-BD1
2025-04-04 23:19:53,CSST6I0XL,R2M71-N-BD2
2025-04-04 23:19:57,CSST6I2XL,R2M71-N-CD1
2025-04-04 23:19:59,CSST6I3XL,R2M71-N-CD2
2025-04-04 23:20:02,CSST6I4XL,R2M71-N-DD1
2025-04-04 23:20:03,CSST6I5XL,R2M71-N-DD2
2025-04-04 23:20:07,CSST5W00S,R2N71-N-AD1
2025-04-04 23:20:09,CSST5W00M,R2N71-N-AD2
2025-04-04 23:20:14,CSST5W00L,R2N71-N-BD1
2025-04-04 23:20:15,CSST5W0XL,R2N71-N-BD2
2025-04-04 23:21:12,CSSTZ42XL,R2O71-N-CD1
2025-04-04 23:21:15,CSSTZ43XL,R2O71-N-CD2
2025-04-04 23:21:17,CSSTZ44XL,R2O71-N-DD1
2025-04-04 23:21:29,INDP0X0XS,R2P71-N-AT1
2025-04-04 23:21:32,INDP0X00S,R2P71-N-AT2
2025-04-04 23:21:33,INDP0X00M,R2P71-N-AT3
2025-04-04 23:21:36,INDP0X00L,R2P71-N-BT1
2025-04-04 23:21:38,INDP0X0XL,R2P71-N-BT2
2025-04-04 23:21:41,INDP0X2XL,R2P71-N-BT3
2025-04-04 23:21:49,INDP1B0XS,R2P71-N-CT1
2025-04-04 23:21:53,INDP1B00S,R2P71-N-CT2
2025-04-04 23:21:55,INDP1B00M,R2P71-N-CT3
2025-04-04 23:21:58,INDP1B00L,R2P71-N-DT1
2025-04-04 23:22:02,INDP1B0XL,R2P71-N-DT2
2025-04-04 23:22:05,INDP1B2XL,R2P71-N-DT3
2025-04-04 23:24:25,PRTD3T0XS,R2Q71-N-AT1
2025-04-04 23:24:27,PRTD3T00S,R2Q71-N-AT2
2025-04-04 23:24:29,PRTD3T00M,R2Q71-N-AT3
2025-04-04 23:24:34,PRTD3T00L,R2Q71-N-BT1
2025-04-04 23:24:37,PRTD3T0XL,R2Q71-N-BT2
2025-04-04 23:24:38,PRTD3T2XL,R2Q71-N-BT3
2025-04-04 23:24:41,PRTDWX0XS,R2Q71-N-CT1
2025-04-04 23:24:42,PRTDWX00S,R2Q71-N-CT2
2025-04-04 23:24:43,PRTDWX00M,R2Q71-N-CT3
2025-04-04 23:24:47,PRTDWX00L,R2Q71-N-DT1
2025-04-04 23:24:48,PRTDWX0XL,R2Q71-N-DT2
2025-04-04 23:24:49,PRTDWX2XL,R2Q71-N-DT3
2025-04-04 23:25:00,PRTDXI0XS,R2Q71-S-AT1
2025-04-04 23:25:01,PRTDXI00S,R2Q71-S-AT2
2025-04-04 23:25:03,PRTDXI00M,R2Q71-S-AT3
2025-04-04 23:25:06,PRTDXI00L,R2Q71-S-BT1
2025-04-04 23:25:07,PRTDXI0XL,R2Q71-S-BT2
2025-04-04 23:25:08,PRTDXI2XL,R2Q71-S-BT3
2025-04-04 23:25:10,PRTDWW0XS,R2Q71-S-CT1
2025-04-04 23:25:11,PRTDWW00S,R2Q71-S-CT2
2025-04-04 23:25:12,PRTDWW00M,R2Q71-S-CT3
2025-04-04 23:25:20,PRTDWW00L,R2Q71-S-DT1
2025-04-04 23:25:22,PRTDWW0XL,R2Q71-S-DT2
2025-04-04 23:25:23,PRTDWW2XL,R2Q71-S-DT3
2025-04-04 23:25:33,CSST6L00S,R2O71-S-AD1
2025-04-04 23:25:34,CSST6L00M,R2O71-S-AD2
2025-04-04 23:25:36,CSST6L00L,R2O71-S-BD1
2025-04-04 23:25:37,CSST6L0XL,R2O71-S-BD2
2025-04-04 23:25:39,CSST6L2XL,R2O71-S-CD1
2025-04-04 23:25:40,CSST6L3XL,R2O71-S-CD2
2025-04-04 23:25:42,CSST6L4XL,R2O71-S-DD1
2025-04-04 23:25:53,CSST4G00S,R2N71-S-AD1
2025-04-04 23:25:53,CSST4G00S,R2N71-S-AD1
2025-04-04 23:25:56,CSST4G00M,R2N71-S-AD2
2025-04-04 23:26:00,CSST4G00L,R2N71-S-BD1
2025-04-04 23:26:01,CSST4G0XL,R2N71-S-BD2
2025-04-04 23:26:03,CSST4G2XL,R2N71-S-CD1
2025-04-04 23:26:05,CSST4G3XL,R2N71-S-CD2
2025-04-04 23:26:06,CSST4G4XL,R2N71-S-DD1
2025-04-04 23:26:08,CSST4G5XL,R2N71-S-DD2
2025-04-04 23:26:12,CSSTX800S,R2M71-S-AD1
2025-04-04 23:26:13,CSSTX800M,R2M71-S-AD2
2025-04-04 23:26:16,CSSTX800L,R2M71-S-BD1
2025-04-04 23:26:17,CSSTX80XL,R2M71-S-BD2
2025-04-04 23:26:19,CSSTX82XL,R2M71-S-CD1
2025-04-04 23:26:20,CSSTX83XL,R2M71-S-CD2
2025-04-04 23:26:29,CSSTX100S,R2M69-N-AD1
2025-04-04 23:26:30,CSSTX100M,R2M69-N-AD2
2025-04-04 23:26:32,CSSTX100L,R2M69-N-BD1
2025-04-04 23:26:33,CSSTX10XL,R2M69-N-BD2
2025-04-04 23:26:35,CSSTX12XL,R2M69-N-CD1
2025-04-04 23:26:36,CSSTX13XL,R2M69-N-CD2
2025-04-04 23:26:40,CSSTX14XL,R2M69-N-DD1
2025-04-04 23:26:41,CSSTX15XL,R2M69-N-DD2
2025-04-04 23:26:45,CSST5G00S,R2N69-N-AD1
2025-04-04 23:26:47,CSST5G00M,R2N69-N-AD2
2025-04-04 23:26:48,CSST5G00L,R2N69-N-BD1
2025-04-04 23:26:49,CSST5G0XL,R2N69-N-BD2
2025-04-04 23:26:55,CSST5G2XL,R2N69-N-CD1
2025-04-04 23:26:57,CSST5G3XL,R2N69-N-CD2
2025-04-04 23:27:00,CSST5G4XL,R2N69-N-DD1
2025-04-04 23:27:21,CSST3W00S,R2O69-N-AD1
2025-04-04 23:27:22,CSST3W00M,R2O69-N-AD2
2025-04-04 23:27:26,CSST3W00L,R2O69-N-BD1
2025-04-04 23:27:27,CSST3W0XL,R2O69-N-BD2
2025-04-04 23:27:30,CSST3W2XL,R2O69-N-CD1
2025-04-04 23:27:31,CSST3W3XL,R2O69-N-CD2
2025-04-04 23:27:33,CSST3W4XL,R2O69-N-DD1
2025-04-04 23:27:34,CSST3W5XL,R2O69-N-DD2
2025-04-04 23:27:37,CSST7C6XL,R2P69-N-AD1
2025-04-04 23:28:01,CSSTZ500S,R2Q69-N-AD1
2025-04-04 23:28:02,CSSTZ500M,R2Q69-N-AD2
2025-04-04 23:28:06,CSSTZ500L,R2Q69-N-BD1
2025-04-04 23:28:07,CSSTZ50XL,R2Q69-N-BD2
2025-04-04 23:28:10,CSSTZ52XL,R2Q69-N-CD1
2025-04-04 23:28:11,CSSTZ53XL,R2Q69-N-CD2
2025-04-04 23:28:14,CSSTZ54XL,R2Q69-N-DD1
2025-04-04 23:28:22,CSSTZ700S,R2Q69-S-AD1
2025-04-04 23:28:23,CSSTZ700M,R2Q69-S-AD2
2025-04-04 23:28:24,CSSTZ700L,R2Q69-S-BD1
2025-04-04 23:28:26,CSSTZ70XL,R2Q69-S-BD2
2025-04-04 23:28:27,CSSTZ72XL,R2Q69-S-CD1
2025-04-04 23:28:29,CSSTZ73XL,R2Q69-S-CD2
2025-04-04 23:28:38,CSST3R6XL,R2P69-S-AD1
2025-04-04 23:28:39,CSST3R6XL,R2P69-S-AD1
2025-04-04 23:28:43,CSST2F6XL,R2P69-S-AD2
2025-04-04 23:28:45,CSST1Q6XL,R2P69-S-BD1
2025-04-04 23:28:47,CSST5B6XL,R2P69-S-BD2
2025-04-04 23:28:49,CSST1B6XL,R2P69-S-CD1
2025-04-04 23:28:51,CSST2H6XL,R2P69-S-CD2
2025-04-04 23:28:53,CSST9L6XL,R2P69-S-DD1
2025-04-04 23:28:55,CSST1W6XL,R2P69-S-DD2
2025-04-04 23:28:58,CSST9L00S,R2O69-S-AD1
2025-04-04 23:29:00,CSST9L00M,R2O69-S-AD2
2025-04-04 23:29:02,CSST9L00L,R2O69-S-BD1
2025-04-04 23:29:03,CSST9L0XL,R2O69-S-BD2
2025-04-04 23:29:04,CSST9L2XL,R2O69-S-CD1
2025-04-04 23:29:05,CSST9L3XL,R2O69-S-CD2
2025-04-04 23:29:08,CSST9L4XL,R2O69-S-DD1
2025-04-04 23:29:11,CSST9L5XL,R2O69-S-DD2
2025-04-04 23:29:15,CSST1Y00S,R2N69-S-AD1
2025-04-04 23:29:16,CSST1Y00M,R2N69-S-AD2
2025-04-04 23:29:17,CSST1Y00L,R2N69-S-BD1
2025-04-04 23:29:19,CSST1Y0XL,R2N69-S-BD2
2025-04-04 23:29:20,CSST1Y2XL,R2N69-S-CD1
2025-04-04 23:29:21,CSST1Y3XL,R2N69-S-CD2
2025-04-04 23:29:24,CSST1Y4XL,R2N69-S-DD1
2025-04-04 23:30:04,CSST2F00S,R2M67-N-AD1
2025-04-04 23:30:06,CSST2F00M,R2M67-N-AD2
2025-04-04 23:30:08,CSST2F00L,R2M67-N-BD1
2025-04-04 23:30:09,CSST2F0XL,R2M67-N-BD2
2025-04-04 23:30:10,CSST2F2XL,R2M67-N-CD1
2025-04-04 23:30:11,CSST2F3XL,R2M67-N-CD2
2025-04-04 23:30:13,CSST2F4XL,R2M67-N-DD1
2025-04-04 23:30:14,CSST2F5XL,R2M67-N-DD2
2025-04-04 23:30:20,CSST7C00S,R2N67-N-AD1
2025-04-04 23:30:21,CSST7C00M,R2N67-N-AD2
2025-04-04 23:30:23,CSST7C00L,R2N67-N-BD1
2025-04-04 23:30:24,CSST7C0XL,R2N67-N-BD2
2025-04-04 23:30:25,CSST7C2XL,R2N67-N-CD1
2025-04-04 23:30:26,CSST7C3XL,R2N67-N-CD2
2025-04-04 23:30:28,CSST7C4XL,R2N67-N-DD1
2025-04-04 23:30:29,CSST7C5XL,R2N67-N-DD2
2025-04-04 23:30:33,CSSTV400S,R2O67-N-AD1
2025-04-04 23:30:34,CSSTV400M,R2O67-N-AD2
2025-04-04 23:30:36,CSSTV400L,R2O67-N-BD1
2025-04-04 23:30:37,CSSTV40XL,R2O67-N-BD2
2025-04-04 23:30:40,CSSTV42XL,R2O67-N-CD1
2025-04-04 23:30:41,CSSTV43XL,R2O67-N-CD2
2025-04-04 23:30:42,CSSTV44XL,R2O67-N-DD1
2025-04-04 23:30:44,CSSTV45XL,R2O67-N-DD2
2025-04-04 23:30:47,CSST5R00S,R2P67-N-AD1
2025-04-04 23:30:48,CSST5R00M,R2P67-N-AD2
2025-04-04 23:30:50,CSST5R00L,R2P67-N-BD1
2025-04-04 23:30:51,CSST5R0XL,R2P67-N-BD2
2025-04-04 23:30:53,CSST5R2XL,R2P67-N-CD1
2025-04-04 23:30:54,CSST5R3XL,R2P67-N-CD2
2025-04-04 23:30:56,CSST5R4XL,R2P67-N-DD1
2025-04-04 23:31:03,CSST7A00S,R2Q67-N-AD1
2025-04-04 23:31:04,CSST7A00M,R2Q67-N-AD2
2025-04-04 23:31:06,CSST7A00L,R2Q67-N-BD1
2025-04-04 23:31:06,CSST7A0XL,R2Q67-N-BD2
2025-04-04 23:31:08,CSST7A2XL,R2Q67-N-CD1
2025-04-04 23:31:09,CSST7A3XL,R2Q67-N-CD2
2025-04-04 23:31:11,CSST7A4XL,R2Q67-N-DD1
2025-04-04 23:31:12,CSST7A5XL,R2Q67-N-DD2
2025-04-04 23:31:20,CSST9E00S,R2Q67-S-AD1
2025-04-04 23:31:21,CSST9E00M,R2Q67-S-AD2
2025-04-04 23:31:23,CSST9E00L,R2Q67-S-BD1
2025-04-04 23:31:24,CSST9E0XL,R2Q67-S-BD2
2025-04-04 23:31:26,CSST9E2XL,R2Q67-S-CD1
2025-04-04 23:31:27,CSST9E3XL,R2Q67-S-CD2
2025-04-04 23:31:29,CSST9E4XL,R2Q67-S-DD1
2025-04-04 23:31:31,CSST9E5XL,R2Q67-S-DD2
2025-04-04 23:31:35,CSST4N00S,R2P67-S-AD1
2025-04-04 23:31:36,CSST4N00M,R2P67-S-AD2
2025-04-04 23:31:38,CSST4N00L,R2P67-S-BD1
2025-04-04 23:31:38,CSST4N0XL,R2P67-S-BD2
2025-04-04 23:31:42,CSST4N2XL,R2P67-S-CD1
2025-04-04 23:31:43,CSST4N3XL,R2P67-S-CD2
2025-04-04 23:31:49,CSST4W00S,R2O67-S-AD1
2025-04-04 23:31:53,CSST4W00M,R2O67-S-AD2
2025-04-04 23:31:55,CSST4W00L,R2O67-S-BD1
2025-04-04 23:31:56,CSST4W0XL,R2O67-S-BD2
2025-04-04 23:31:57,CSST4W2XL,R2O67-S-CD1
2025-04-04 23:31:59,CSST4W3XL,R2O67-S-CD2
2025-04-04 23:32:15,CSST3R00S,R2N67-S-AD1
2025-04-04 23:32:17,CSST3R00M,R2N67-S-AD2
2025-04-04 23:32:18,CSST3R00L,R2N67-S-BD1
2025-04-04 23:32:20,CSST3R0XL,R2N67-S-BD2
2025-04-04 23:32:22,CSST3R2XL,R2N67-S-CD1
2025-04-04 23:32:23,CSST3R3XL,R2N67-S-CD2
2025-04-04 23:32:25,CSST3R4XL,R2N67-S-DD1
2025-04-04 23:32:26,CSST3R5XL,R2N67-S-DD2
2025-04-04 23:32:30,CSSTX600S,R2M67-S-AD1
2025-04-04 23:32:31,CSSTX600M,R2M67-S-AD2
2025-04-04 23:32:32,CSSTX600L,R2M67-S-BD1
2025-04-04 23:32:33,CSSTX60XL,R2M67-S-BD2
2025-04-04 23:32:35,CSSTX62XL,R2M67-S-CD1
2025-04-04 23:32:35,CSSTX63XL,R2M67-S-CD2
2025-04-04 23:32:45,CSSTX900S,R2M65-N-AD1
2025-04-04 23:32:48,CSSTX900M,R2M65-N-AD2
2025-04-04 23:32:49,CSSTX900L,R2M65-N-BD1
2025-04-04 23:32:52,CSSTX90XL,R2M65-N-BD2
2025-04-04 23:32:53,CSSTX92XL,R2M65-N-CD1
2025-04-04 23:32:55,CSSTX93XL,R2M65-N-CD2
2025-04-04 23:32:57,CSSTX94XL,R2M65-N-DD1
2025-04-04 23:33:01,CSSTV500S,R2N65-N-AD1
2025-04-04 23:33:02,CSSTV500M,R2N65-N-AD2
2025-04-04 23:33:03,CSSTV500L,R2N65-N-BD1
2025-04-04 23:33:04,CSSTV50XL,R2N65-N-BD2
2025-04-04 23:33:08,CSSTV52XL,R2N65-N-CD1
2025-04-04 23:33:09,CSSTV53XL,R2N65-N-CD2
2025-04-04 23:33:13,CSSTV54XL,R2N65-N-DD1
2025-04-04 23:33:17,CSST6Q00S,R2O65-N-AD1
2025-04-04 23:33:18,CSST6Q00M,R2O65-N-AD2
2025-04-04 23:33:19,CSST6Q00M,R2O65-N-AD2
2025-04-04 23:33:20,CSST6Q00L,R2O65-N-BD1
2025-04-04 23:33:21,CSST6Q0XL,R2O65-N-BD2
2025-04-04 23:33:24,CSST6Q2XL,R2O65-N-CD1
2025-04-04 23:33:25,CSST6Q3XL,R2O65-N-CD2
2025-04-04 23:33:27,CSST6Q4XL,R2O65-N-DD1
2025-04-04 23:33:28,CSST6Q5XL,R2O65-N-DD2
2025-04-04 23:33:32,CSST7M00S,R2P65-N-AD1
2025-04-04 23:33:33,CSST7M00M,R2P65-N-AD2
2025-04-04 23:33:35,CSST7M00L,R2P65-N-BD1
2025-04-04 23:33:37,CSST7M0XL,R2P65-N-BD2
2025-04-04 23:33:41,CSST7M2XL,R2P65-N-CD1
2025-04-04 23:33:42,CSST7M3XL,R2P65-N-CD2
2025-04-04 23:33:44,CSST7M4XL,R2P65-N-DD1
2025-04-04 23:33:45,CSST7M5XL,R2P65-N-DD2
2025-04-04 23:33:49,CSSTHC00S,R2Q65-N-AD1
2025-04-04 23:33:51,CSSTHC00M,R2Q65-N-AD2
2025-04-04 23:33:55,CSSTHC00L,R2Q65-N-BD1
2025-04-04 23:33:56,CSSTHC0XL,R2Q65-N-BD2
2025-04-04 23:33:58,CSSTHC2XL,R2Q65-N-CD1
2025-04-04 23:33:59,CSSTHC3XL,R2Q65-N-CD2
2025-04-04 23:34:01,CSSTHC4XL,R2Q65-N-DD1
2025-04-04 23:34:03,CSSTHC5XL,R2Q65-N-DD2
2025-04-04 23:34:10,CSSTV100S,R2Q65-S-AD1
2025-04-04 23:34:12,CSSTV100M,R2Q65-S-AD2
2025-04-04 23:34:13,CSSTV100L,R2Q65-S-BD1
2025-04-04 23:34:14,CSSTV10XL,R2Q65-S-BD2
2025-04-04 23:34:18,CSSTV12XL,R2Q65-S-CD1
2025-04-04 23:34:19,CSSTV13XL,R2Q65-S-CD2
2025-04-04 23:34:21,CSSTV14XL,R2Q65-S-DD1
2025-04-04 23:34:22,CSSTV15XL,R2Q65-S-DD2
2025-04-04 23:34:25,CSSTZ800S,R2P65-S-AD1
2025-04-04 23:34:26,CSSTZ800M,R2P65-S-AD2
2025-04-04 23:34:27,CSSTZ800L,R2P65-S-BD1
2025-04-04 23:34:28,CSSTZ80XL,R2P65-S-BD2
2025-04-04 23:34:31,CSSTZ82XL,R2P65-S-CD1
2025-04-04 23:34:32,CSSTZ83XL,R2P65-S-CD2
2025-04-04 23:34:44,CSST0J00S,R2N65-S-AD1
2025-04-04 23:34:46,CSST0J00M,R2N65-S-AD2
2025-04-04 23:34:48,CSST0J00L,R2N65-S-BD1
2025-04-04 23:34:49,CSST0J0XL,R2N65-S-BD2
2025-04-04 23:34:51,CSST0J2XL,R2N65-S-CD1
2025-04-04 23:34:52,CSST0J3XL,R2N65-S-CD2
2025-04-04 23:35:01,CSST1Q00S,R2M65-S-AD1
2025-04-04 23:35:03,CSST1Q00M,R2M65-S-AD2
2025-04-04 23:35:04,CSST1Q00L,R2M65-S-BD1
2025-04-04 23:35:06,CSST1Q0XL,R2M65-S-BD2
2025-04-04 23:35:08,CSST1Q2XL,R2M65-S-CD1
2025-04-04 23:35:09,CSST1Q3XL,R2M65-S-CD2
2025-04-04 23:35:11,CSST1Q4XL,R2M65-S-DD1
2025-04-04 23:35:12,CSST1Q5XL,R2M65-S-DD2
2025-04-04 23:35:17,CSST6R00S,R2M63-N-AD1
2025-04-04 23:35:18,CSST6R00M,R2M63-N-AD2
2025-04-04 23:35:20,CSST6R00L,R2M63-N-BD1
2025-04-04 23:35:21,CSST6R0XL,R2M63-N-BD2
2025-04-04 23:35:22,CSST6R2XL,R2M63-N-CD1
2025-04-04 23:35:23,CSST6R3XL,R2M63-N-CD2
2025-04-04 23:35:33,CSST3K00S,R2N63-N-AD1
2025-04-04 23:35:34,CSST3K00M,R2N63-N-AD2
2025-04-04 23:35:35,CSST3K00L,R2N63-N-BD1
2025-04-04 23:35:36,CSST3K0XL,R2N63-N-BD2
2025-04-04 23:35:38,CSST3K2XL,R2N63-N-CD1
2025-04-04 23:35:39,CSST3K3XL,R2N63-N-CD2
2025-04-04 23:35:40,CSST3K4XL,R2N63-N-DD1
2025-04-04 23:35:41,CSST3K5XL,R2N63-N-DD2
2025-04-04 23:35:45,CSST6P00S,R2O63-N-AD1
2025-04-04 23:35:46,CSST6P00M,R2O63-N-AD2
2025-04-04 23:35:48,CSST6P00L,R2O63-N-BD1
2025-04-04 23:35:48,CSST6P0XL,R2O63-N-BD2
2025-04-04 23:35:50,CSST6P2XL,R2O63-N-CD1
2025-04-04 23:35:51,CSST6P3XL,R2O63-N-CD2
2025-04-04 23:35:53,CSST6P4XL,R2O63-N-DD1
2025-04-04 23:35:54,CSST6P5XL,R2O63-N-DD2
2025-04-04 23:35:57,CSST3M00S,R2P63-N-AD1
2025-04-04 23:35:58,CSST3M00M,R2P63-N-AD2
2025-04-04 23:36:00,CSST3M00L,R2P63-N-BD1
2025-04-04 23:36:01,CSST3M0XL,R2P63-N-BD2
2025-04-04 23:36:03,CSST3M2XL,R2P63-N-CD1
2025-04-04 23:36:04,CSST3M3XL,R2P63-N-CD2
2025-04-04 23:36:08,CSST2H00S,R2Q63-N-AD1
2025-04-04 23:36:09,CSST2H00M,R2Q63-N-AD2
2025-04-04 23:36:10,CSST2H00L,R2Q63-N-BD1
2025-04-04 23:36:11,CSST2H0XL,R2Q63-N-BD2
2025-04-04 23:36:13,CSST2H2XL,R2Q63-N-CD1
2025-04-04 23:36:14,CSST2H3XL,R2Q63-N-CD2
2025-04-04 23:36:16,CSST2H4XL,R2Q63-N-DD1
2025-04-04 23:36:17,CSST2H5XL,R2Q63-N-DD2
2025-04-04 23:36:23,CSST0O00S,R2Q63-S-AD1
2025-04-04 23:36:24,CSST0O00M,R2Q63-S-AD2
2025-04-04 23:36:27,CSST0O00L,R2Q63-S-BD1
2025-04-04 23:36:29,CSST0O0XL,R2Q63-S-BD2
2025-04-04 23:36:30,CSST0O2XL,R2Q63-S-CD1
2025-04-04 23:36:31,CSST0O3XL,R2Q63-S-CD2
2025-04-04 23:36:33,CSST0O4XL,R2Q63-S-DD1
2025-04-04 23:36:39,CSSTB900S,R2P63-S-AD1
2025-04-04 23:36:40,CSSTB900M,R2P63-S-AD2
2025-04-04 23:36:42,CSSTB900L,R2P63-S-BD1
2025-04-04 23:36:43,CSSTB90XL,R2P63-S-BD2
2025-04-04 23:36:44,CSSTB92XL,R2P63-S-BD2
2025-04-04 23:36:45,CSSTB92XL,R2P63-S-CD1
2025-04-04 23:36:49,CSSTB93XL,R2P63-S-CD1
2025-04-04 23:36:54,CSSTB94XL,R2P63-S-DD1
2025-04-04 23:36:56,CSSTB95XL,R2P63-S-DD2
2025-04-04 23:36:59,CSSTX000S,R2O63-S-AD1
2025-04-04 23:37:01,CSSTX000M,R2O63-S-AD2
2025-04-04 23:37:02,CSSTX000L,R2O63-S-BD1
2025-04-04 23:37:04,CSSTX00XL,R2O63-S-BD2
2025-04-04 23:37:05,CSSTX02XL,R2O63-S-CD1
2025-04-04 23:37:06,CSSTX03XL,R2O63-S-CD2
2025-04-04 23:37:13,CSST3Y00S,R2N63-S-AD1
2025-04-04 23:37:14,CSST3Y00M,R2N63-S-AD2
2025-04-04 23:37:15,CSST3Y00L,R2N63-S-BD1
2025-04-04 23:37:16,CSST3Y0XL,R2N63-S-BD2
2025-04-04 23:37:18,CSST3Y2XL,R2N63-S-CD1
2025-04-04 23:37:19,CSST3Y3XL,R2N63-S-CD2
2025-04-04 23:37:24,CSSTZ600S,R2M63-S-AD1
2025-04-04 23:37:25,CSSTZ600M,R2M63-S-AD2
2025-04-04 23:37:27,CSSTZ600L,R2M63-S-BD1
2025-04-04 23:37:27,CSSTZ60XL,R2M63-S-BD2
2025-04-04 23:37:29,CSSTZ62XL,R2M63-S-CD1
2025-04-04 23:37:29,CSSTZ63XL,R2M63-S-CD2
2025-04-04 23:37:31,CSSTZ64XL,R2M63-S-DD1
2025-04-04 23:37:38,CSST1B00S,R2M61-N-AD1
2025-04-04 23:37:39,CSST1B00M,R2M61-N-AD2
2025-04-04 23:37:40,CSST1B00L,R2M61-N-BD1
2025-04-04 23:37:42,CSST1B0XL,R2M61-N-BD2
2025-04-04 23:37:43,CSST1B2XL,R2M61-N-CD1
2025-04-04 23:37:44,CSST1B3XL,R2M61-N-CD2
2025-04-04 23:37:45,CSST1B4XL,R2M61-N-DD1
2025-04-04 23:37:47,CSST1B5XL,R2M61-N-DD2
2025-04-04 23:37:57,YOGS2K00S,R2O61-N-AD1
2025-04-04 23:37:59,YOGS2K00M,R2O61-N-AD2
2025-04-04 23:37:59,YOGS2K00M,R2O61-N-AD2
2025-04-04 23:38:02,YOGS2K00L,R2O61-N-BD1
2025-04-04 23:38:02,YOGS2K0XS,R2O61-N-BD2
2025-04-04 23:38:05,YOGS5R00S,R2O61-N-CD1
2025-04-04 23:38:06,YOGS5R00M,R2O61-N-CD2
2025-04-04 23:38:07,167,R2O61-N-DD1
2025-04-04 23:38:08,YOGS5R00L,R2O61-N-DD1
2025-04-04 23:38:08,YOGS5R0XS,R2O61-N-DD2
2025-04-04 23:38:17,YOGS1B00S,R2P61-N-AD1
2025-04-04 23:38:18,YOGS1B00M,R2P61-N-AD2
2025-04-04 23:38:21,YOGS1B00L,R2P61-N-BD1
2025-04-04 23:38:22,YOGS1B0XS,R2P61-N-BD2
2025-04-04 23:38:25,YOGS1W00S,R2P61-N-CD1
2025-04-04 23:38:26,YOGS1W00M,R2P61-N-CD2
2025-04-04 23:38:30,YOGS1W00L,R2P61-N-DD1
2025-04-04 23:38:31,YOGS1W0XS,R2P61-N-DD2
2025-04-04 23:38:36,YOGS2K0XL,R2Q61-N-AD1
2025-04-04 23:38:37,YOGS1W0XL,R2Q61-N-AD2
2025-04-04 23:38:41,YOGS5R0XL,R2Q61-N-BD1
2025-04-04 23:38:42,YOGS5R0XL,R2Q61-N-BD1
2025-04-04 23:38:54,YOGS1B0XL,R2Q61-N-CD1
2025-04-04 23:38:55,YOGS2F0XL,R2Q61-N-CD2
2025-04-04 23:38:57,YOGS1W0XL,R2Q61-N-DD1
2025-04-04 23:38:59,YOGS7C0XL,R2Q61-N-DD2
2025-04-04 23:38:59,YOGS7C0XL,R2Q61-N-DD2
2025-04-04 23:39:15,YOGS2F0XL,R2Q61-S-AD1
2025-04-04 23:39:16,YOGS1R0XL,R2Q61-S-AD2
2025-04-04 23:39:18,YOGS7C0XL,R2Q61-S-BD1
2025-04-04 23:39:19,YOGSU90XL,R2Q61-S-BD2
2025-04-04 23:39:20,YOGH8P0XL,R2Q61-S-CD1
2025-04-04 23:39:22,YOGS4H0XL,R2Q61-S-CD2
2025-04-04 23:39:24,YOGH5N0XL,R2Q61-S-DD1
2025-04-04 23:39:25,YOGS1N0XL,R2Q61-S-DD2
2025-04-04 23:39:28,YOGS4H00S,R2P61-S-AD1
2025-04-04 23:39:31,YOGS4H00M,R2P61-S-AD2
2025-04-04 23:39:33,YOGS4H00L,R2P61-S-BD1
2025-04-04 23:39:34,YOGS4H0XS,R2P61-S-BD2
2025-04-04 23:39:35,YOGS1N00S,R2P61-S-CD1
2025-04-04 23:39:36,YOGS1N00M,R2P61-S-CD2
2025-04-04 23:39:37,YOGS1N00M,R2P61-S-CD2
2025-04-04 23:39:40,YOGS1N00L,R2P61-S-DD1
2025-04-04 23:39:42,YOGS1N0XL,R2P61-S-DD2
2025-04-04 23:39:46,YOGS1R00S,R2O61-S-AD1
2025-04-04 23:39:48,YOGS1R00M,R2O61-S-AD2
2025-04-04 23:39:50,YOGS1R00L,R2O61-S-BD1
2025-04-04 23:39:51,YOGS1R0XS,R2O61-S-BD2
2025-04-04 23:39:53,YOGSU900S,R2O61-S-CD1
2025-04-04 23:39:54,YOGSU900M,R2O61-S-CD2
2025-04-04 23:39:55,YOGSU900L,R2O61-S-DD1
2025-04-04 23:39:57,YOGSU90XL,R2O61-S-DD2
2025-04-04 23:40:00,YOGS2F00S,R2N61-S-AD1
2025-04-04 23:40:01,YOGS2F00M,R2N61-S-AD2
2025-04-04 23:40:04,YOGS2F00L,R2N61-S-BD1
2025-04-04 23:40:05,YOGS2F0XS,R2N61-S-BD2
2025-04-04 23:40:07,YOGS7C00S,R2N61-S-CD1
2025-04-04 23:40:07,YOGS7C00S,R2N61-S-CD1
2025-04-04 23:40:08,YOGS7C00M,R2N61-S-CD2
2025-04-04 23:40:11,YOGS7C00L,R2N61-S-DD1
2025-04-04 23:40:12,YOGS7C0XS,R2N61-S-DD2
2025-04-04 23:40:16,CSST4P00S,R2M61-S-AD1
2025-04-04 23:40:17,CSST4P00M,R2M61-S-AD2
2025-04-04 23:40:21,CSST4P00L,R2M61-S-BD1
2025-04-04 23:40:22,CSST4P0XL,R2M61-S-BD2
2025-04-04 23:40:28,CSST4P2XL,R2M61-S-CD1
2025-04-04 23:40:29,CSST4P3XL,R2M61-S-CD2
2025-04-04 23:40:31,CSST4P4XL,R2M61-S-DD1
2025-04-04 23:40:32,CSST4P5XL,R2M61-S-DD2
2025-04-04 23:40:38,YOGH3Y0XS,R2M59-N-AD1
2025-04-04 23:40:39,YOGH3Y00S,R2M59-N-AD2
2025-04-04 23:40:40,YOGH3Y00M,R2M59-N-BD1
2025-04-04 23:40:41,YOGH3Y00L,R2M59-N-BD2
2025-04-04 23:40:45,YOGH2K0XS,R2M59-N-CD1
2025-04-04 23:40:47,YOGH2K00S,R2M59-N-CD2
2025-04-04 23:40:49,YOGH2K00L,R2M59-N-DD2
2025-04-04 23:40:57,YOGH2K00M,R2M59-N-DD2
2025-04-04 23:40:59,YOGH2K00M,R2M59-N-DD1
2025-04-04 23:41:17,YOGH5N00M,R2N59-N-DD1
2025-04-04 23:41:19,YOGH5N0XS,R2N59-N-CD1
2025-04-04 23:41:21,YOGH5N00S,R2N59-N-CD2
2025-04-04 23:41:24,YOGH5N00L,R2N59-N-DD2
2025-04-04 23:41:37,YOGH7C00M,R2O59-N-BD1
2025-04-04 23:41:39,YOGH7C00L,R2O59-N-BD2
2025-04-04 23:41:40,YOGH7C00S,R2O59-N-AD2
2025-04-04 23:42:39,YOGH7C0XS,R2O59-N-AD1
2025-04-04 23:42:46,YOGH8P0XS,R2O59-N-CD1
2025-04-04 23:42:48,YOGH8P00S,R2O59-N-CD2
2025-04-04 23:42:50,YOGH8P00M,R2O59-N-DD1
2025-04-04 23:42:52,YOGH8P00L,R2O59-N-DD2
2025-04-04 23:42:56,YOGH5R0XL,R2P59-N-AD1
2025-04-04 23:43:00,YOGH3G0XL,R2P59-N-AD2
2025-04-04 23:43:02,YOGH5N0XL,R2P59-N-BD1
2025-04-04 23:43:04,YOGH7C0XL,R2P59-N-BD2
2025-04-04 23:43:06,YOGH3Y0XL,R2P59-N-CD1
2025-04-04 23:43:09,YOGH1N0XL,R2P59-N-CD2
2025-04-04 23:43:13,YOGH2K0XL,R2P59-N-DD1
2025-04-04 23:43:15,YOGH5B0XL,R2P59-N-DD2
2025-04-04 23:43:24,CSST5B00S,R2Q59-N-AD2
2025-04-04 23:43:25,CSST5B00M,R2Q59-N-BD1
2025-04-04 23:43:30,CSST5B00L,R2Q59-N-BD2
2025-04-04 23:43:31,CSST5B0XL,R2Q59-N-CD1
2025-04-04 23:43:33,CSST5B2XL,R2Q59-N-CD2
2025-04-04 23:43:34,CSST5B3XL,R2Q59-N-DD1
2025-04-04 23:43:36,CSST5B4XL,R2Q59-N-DD2
2025-04-04 23:43:38,CSST5B5XL,R2Q59-N-AD1
2025-04-04 23:43:53,CSST1W00S,R2Q59-S-AD1
2025-04-04 23:43:55,CSST1W00M,R2Q59-S-AD2
2025-04-04 23:43:56,CSST1W00L,R2Q59-S-BD1
2025-04-04 23:43:57,CSST1W0XL,R2Q59-S-BD2
2025-04-04 23:43:59,CSST1W2XL,R2Q59-S-CD1
2025-04-04 23:44:00,CSST1W3XL,R2Q59-S-CD2
2025-04-04 23:44:05,CSST1W4XL,R2Q59-S-DD1
2025-04-04 23:44:07,CSST1W5XL,R2Q59-S-DD2
2025-04-04 23:44:11,YOGH1B0XL,R2P59-S-AD1
2025-04-04 23:44:12,YOGH5P0XL,R2P59-S-AD2
2025-04-04 23:44:14,YOGH1O0XL,R2P59-S-BD1
2025-04-04 23:44:16,YOGH4H0XL,R2P59-S-BD2
2025-04-04 23:44:19,YOGH1R0XL,R2P59-S-CD1
2025-04-04 23:44:20,YOGH1R0XL,R2P59-S-CD1
2025-04-04 23:44:22,YOGH2F0XL,R2P59-S-CD2
2025-04-04 23:44:25,YOGH1Q0XL,R2P59-S-DD1
2025-04-04 23:44:36,YOGH5P0XS,R2O59-S-CD1
2025-04-04 23:44:39,YOGH5P00S,R2O59-S-CD2
2025-04-04 23:44:43,YOGH5P00L,R2O59-S-DD2
2025-04-04 23:44:50,YOGH5P00M,R2O59-S-DD1
2025-04-04 23:44:51,YOGH5P00M,R2O59-S-DD1
2025-04-04 23:44:58,YOGH1W0XS,R2N59-S-AD1
2025-04-04 23:44:59,YOGH1W00S,R2N59-S-AD2
2025-04-04 23:45:01,YOGH1W00M,R2N59-S-BD1
2025-04-04 23:45:02,YOGH1W00L,R2N59-S-BD2
2025-04-04 23:45:04,YOGH1R0XS,R2N59-S-CD1
2025-04-04 23:45:05,YOGH1R00S,R2N59-S-CD2
2025-04-04 23:45:06,YOGH1R00M,R2N59-S-CD2
2025-04-04 23:45:07,YOGH1R00M,R2N59-S-DD1
2025-04-04 23:45:11,YOGH1R00L,R2N59-S-DD2
2025-04-04 23:45:16,YOGH1B0XS,R2M59-S-AD1
2025-04-04 23:45:17,YOGH1B00S,R2M59-S-AD2
2025-04-04 23:45:18,YOGH1B00M,R2M59-S-BD1
2025-04-04 23:45:19,YOGH1B00L,R2M59-S-BD2
2025-04-04 23:45:21,YOGH1O0XS,R2M59-S-CD1
2025-04-04 23:45:22,YOGH1O00S,R2M59-S-CD2
2025-04-04 23:45:24,YOGH1O00M,R2M59-S-DD1
2025-04-04 23:45:25,YOGH1O00L,R2M59-S-DD2
2025-04-04 23:45:31,BCMH0F3XL,R2M57-N-AT1
2025-04-04 23:45:32,BCMH1B3XL,R2M57-N-AT2
2025-04-04 23:45:43,BCMH5K3XL,R2M57-N-BT1
2025-04-04 23:45:44,BCMH3P3XL,R2M57-N-BT2
2025-04-04 23:45:46,BCMH2H3XL,R2M57-N-BT3
2025-04-04 23:45:48,BCMHTO3XL,R2M57-N-CT1
2025-04-04 23:45:49,BCMH1N3XL,R2M57-N-CT2
2025-04-04 23:45:53,BCMH5W3XL,R2M57-N-DT1
2025-04-04 23:45:54,BCMH1W3XL,R2M57-N-DT2
2025-04-04 23:46:08,BCMH1B0XS,R2N57-N-AT1
2025-04-04 23:46:09,BCMH1B00S,R2N57-N-AT2
2025-04-04 23:46:10,BCMH1B00M,R2N57-N-AT3
2025-04-04 23:46:14,BCMH1B00L,R2N57-N-BT1
2025-04-04 23:46:16,BCMH1B0XL,R2N57-N-BT2
2025-04-04 23:46:19,BCMH1B2XL,R2N57-N-BT3
2025-04-04 23:46:20,BCMH1W0XS,R2N57-N-CT1
2025-04-04 23:46:22,BCMH1W00S,R2N57-N-CT2
2025-04-04 23:46:23,BCMH1W00M,R2N57-N-CT3
2025-04-04 23:46:25,BCMH1W00L,R2N57-N-DT1
2025-04-04 23:46:26,BCMH1W0XL,R2N57-N-DT2
2025-04-04 23:46:29,BCMH1W2XL,R2N57-N-DT3
2025-04-04 23:46:33,BCMH3P0XS,R2O57-N-AT1
2025-04-04 23:46:35,BCMH3P00S,R2O57-N-AT2
2025-04-04 23:46:36,BCMH3P00M,R2O57-N-AT3
2025-04-04 23:46:38,BCMH3P00L,R2O57-N-BT1
2025-04-04 23:46:43,BCMH3P0XL,R2O57-N-BT2
2025-04-04 23:46:45,BCMH3P2XL,R2O57-N-BT3
2025-04-04 23:46:46,BCMH1N0XS,R2O57-N-CT1
2025-04-04 23:46:48,BCMH1N00S,R2O57-N-CT2
2025-04-04 23:46:49,BCMH1N00M,R2O57-N-CT3
2025-04-04 23:46:51,BCMH1N00L,R2O57-N-DT1
2025-04-04 23:46:53,BCMH1N0XL,R2O57-N-DT2
2025-04-04 23:46:56,BCMH1N2XL,R2O57-N-DT3
2025-04-04 23:47:00,YOGH3G0XS,R2P57-N-AD1
2025-04-04 23:47:01,YOGH3G00S,R2P57-N-AD2
2025-04-04 23:47:04,YOGH3G00M,R2P57-N-BD1
2025-04-04 23:47:04,YOGH3G00L,R2P57-N-BD2
2025-04-04 23:47:06,YOGH1N0XS,R2P57-N-CD1
2025-04-04 23:47:07,YOGH1N00S,R2P57-N-CD2
2025-04-04 23:47:09,YOGH1N00M,R2P57-N-DD1
2025-04-04 23:47:10,YOGH1N00L,R2P57-N-DD2
2025-04-04 23:47:15,YOGH5R0XS,R2Q57-N-AD1
2025-04-04 23:47:17,YOGH5R00S,R2Q57-N-AD2
2025-04-04 23:47:18,YOGH5R00M,R2Q57-N-BD1
2025-04-04 23:47:19,YOGH5R00L,R2Q57-N-BD2
2025-04-04 23:47:21,YOGH5B0XS,R2Q57-N-CD1
2025-04-04 23:47:22,YOGH5B00S,R2Q57-N-CD2
2025-04-04 23:47:23,YOGH5B00M,R2Q57-N-DD1
2025-04-04 23:47:25,YOGH5B00L,R2Q57-N-DD2
2025-04-04 23:47:33,YOGH4H0XS,R2Q57-S-AD1
2025-04-04 23:47:35,YOGH4H00S,R2Q57-S-AD2
2025-04-04 23:47:37,YOGH4H00M,R2Q57-S-BD1
2025-04-04 23:47:38,YOGH4H00L,R2Q57-S-BD2
2025-04-04 23:47:39,YOGH2F0XS,R2Q57-S-CD1
2025-04-04 23:47:42,YOGH2F00S,R2Q57-S-CD2
2025-04-04 23:47:44,YOGH2F00M,R2Q57-S-DD1
2025-04-04 23:47:48,YOGH2F00L,R2Q57-S-DD2
2025-04-04 23:47:48,YOGH2F00L,R2Q57-S-DD2
2025-04-04 23:47:53,YOGH2S0XS,R2P57-S-AD1
2025-04-04 23:47:54,YOGH2S00S,R2P57-S-AD2
2025-04-04 23:47:57,YOGH2S00M,R2P57-S-BD1
2025-04-04 23:47:58,YOGH2S00L,R2P57-S-BD2
2025-04-04 23:48:00,YOGH1Q0XS,R2P57-S-CD1
2025-04-04 23:48:04,YOGH1Q00S,R2P57-S-CD2
2025-04-04 23:48:06,YOGH1Q00M,R2P57-S-DD1
2025-04-04 23:48:07,YOGH1Q00L,R2P57-S-DD2
2025-04-04 23:48:15,FYST1Q0XS,R2N57-S-AT1
2025-04-04 23:48:16,FYST1Q00S,R2N57-S-AT2
2025-04-04 23:48:18,FYST1Q00M,R2N57-S-AT3
2025-04-04 23:48:20,FYST1Q00L,R2N57-S-BT1
2025-04-04 23:48:21,FYST1Q0XL,R2N57-S-BT2
2025-04-04 23:48:25,FYSTV10XS,R2N57-S-CT1
2025-04-04 23:48:26,FYSTV100S,R2N57-S-CT2
2025-04-04 23:48:27,FYSTV100M,R2N57-S-CT3
2025-04-04 23:48:29,FYSTV100L,R2N57-S-DT1
2025-04-04 23:48:30,FYSTV10XL,R2N57-S-DT2
2025-04-04 23:48:38,FYST7C0XS,R2M57-S-AT1
2025-04-04 23:48:39,FYST7C00S,R2M57-S-AT2
2025-04-04 23:48:40,FYST7C00M,R2M57-S-AT3
2025-04-04 23:48:42,FYST7C00L,R2M57-S-BT1
2025-04-04 23:48:43,FYST7C0XL,R2M57-S-BT2
2025-04-04 23:48:53,FYST3R0XS,R2M57-S-CT1
2025-04-04 23:48:54,FYST3R00S,R2M57-S-CT2
2025-04-04 23:48:55,FYST3R00M,R2M57-S-CT3
2025-04-04 23:48:56,FYST3R00L,R2M57-S-CT3
2025-04-04 23:48:57,FYST3R0XL,R2M57-S-DT2
2025-04-04 23:49:04,BCDV1R0XL,R2M55-N-AT1
2025-04-04 23:49:05,BCDV1R2XL,R2M55-N-AT2
2025-04-04 23:49:21,BCDV1R00S,R2M55-N-BT1
2025-04-04 23:49:23,BCDV1R00M,R2M55-N-BT2
2025-04-04 23:49:24,BCDV1R00M,R2M55-N-BT2
2025-04-04 23:49:25,BCDV1R00L,R2M55-N-BT3
2025-04-04 23:49:28,BCDV1B0XL,R2M55-N-CT1
2025-04-04 23:49:29,BCDV1B2XL,R2M55-N-CT2
2025-04-04 23:49:33,BCDV1B00S,R2M55-N-DT1
2025-04-04 23:49:34,BCDV1B00M,R2M55-N-DT2
2025-04-04 23:49:36,BCDV1B00L,R2M55-N-DT3
2025-04-04 23:49:40,BCDV1K0XL,R2N55-N-AT1
2025-04-04 23:49:41,BCDV1K2XL,R2N55-N-AT2
2025-04-04 23:49:49,BCDV1K00S,R2N55-N-BT1
2025-04-04 23:49:50,BCDV1K00M,R2N55-N-BT2
2025-04-04 23:49:53,BCDV1K00L,R2N55-N-BT3
2025-04-04 23:49:55,BCDV1W0XL,R2N55-N-CT1
2025-04-04 23:49:56,BCDV1W2XL,R2N55-N-CT2
2025-04-04 23:50:02,BCDV1W00S,R2N55-N-DT1
2025-04-04 23:50:03,BCDV1W00M,R2N55-N-DT2
2025-04-04 23:50:05,BCDV1W00L,R2N55-N-DT3
2025-04-04 23:50:09,BCMH2H0XS,R2O55-N-AT1
2025-04-04 23:50:10,BCMH2H00S,R2O55-N-AT2
2025-04-04 23:50:11,BCMH2H00M,R2O55-N-AT3
2025-04-04 23:50:14,BCMH2H00L,R2O55-N-BT1
2025-04-04 23:50:15,BCMH2H0XL,R2O55-N-BT2
2025-04-04 23:50:16,BCMH2H2XL,R2O55-N-BT3
2025-04-04 23:50:25,BCMH0F0XS,R2P55-N-AT1
2025-04-04 23:50:26,BCMH0F00S,R2P55-N-AT2
2025-04-04 23:50:28,BCMH0F00M,R2P55-N-AT3
2025-04-04 23:50:31,BCMH0F00L,R2P55-N-BT1
2025-04-04 23:50:32,BCMH0F0XL,R2P55-N-BT2
2025-04-04 23:50:33,BCMH0F2XL,R2P55-N-BT3
2025-04-04 23:50:37,BCMHTO0XS,R2P55-N-CT1
2025-04-04 23:50:38,BCMHTO00S,R2P55-N-CT2
2025-04-04 23:50:39,BCMHTO00M,R2P55-N-CT3
2025-04-04 23:50:41,BCMHTO00L,R2P55-N-DT1
2025-04-04 23:50:42,BCMHTO0XL,R2P55-N-DT2
2025-04-04 23:50:43,BCMHTO2XL,R2P55-N-DT3
2025-04-04 23:50:47,BCMH5K0XS,R2Q55-N-AT1
2025-04-04 23:50:48,BCMH5K00S,R2Q55-N-AT2
2025-04-04 23:50:49,BCMH5K00M,R2Q55-N-AT3
2025-04-04 23:50:51,BCMH5K00L,R2Q55-N-BT1
2025-04-04 23:50:52,BCMH5K0XL,R2Q55-N-BT2
2025-04-04 23:50:53,BCMH5K2XL,R2Q55-N-BT3
2025-04-04 23:50:54,BCMH5W0XS,R2Q55-N-CT1
2025-04-04 23:50:55,BCMH5W00S,R2Q55-N-CT2
2025-04-04 23:50:56,BCMH5W00M,R2Q55-N-CT3
2025-04-04 23:51:01,BCMH5W00L,R2Q55-N-DT1
2025-04-04 23:51:03,BCMH5W0XL,R2Q55-N-DT2
2025-04-04 23:51:09,BCMH5W2XL,R2Q55-N-DT3
2025-04-04 23:51:18,FYST1W0XS,R2Q55-S-AT1
2025-04-04 23:51:19,FYST1W00S,R2Q55-S-AT2
2025-04-04 23:51:20,FYST1W00M,R2Q55-S-AT3
2025-04-04 23:51:22,FYST1W00L,R2Q55-S-BT1
2025-04-04 23:51:23,FYST1W0XL,R2Q55-S-BT2
2025-04-04 23:51:30,FYST1W00L,R2Q55-S-BT1
2025-04-04 23:51:32,FYST1W0XL,R2Q55-S-BT2
2025-04-04 23:51:34,FYST3W0XS,R2Q55-S-CT1
2025-04-04 23:51:36,FYST3W00S,R2Q55-S-CT2
2025-04-04 23:51:37,FYST3W00M,R2Q55-S-CT3
2025-04-04 23:51:38,FYST3W00L,R2Q55-S-DT1
2025-04-04 23:51:39,FYST3W0XL,R2Q55-S-DT2
2025-04-04 23:51:45,FYST7G0XS,R2P55-S-AT1
2025-04-04 23:51:46,FYST7G00S,R2P55-S-AT2
2025-04-04 23:51:47,FYST7G00M,R2P55-S-AT3
2025-04-04 23:51:48,FYST7G00L,R2P55-S-BT1
2025-04-04 23:51:49,FYST7G0XL,R2P55-S-BT2
2025-04-04 23:51:52,FYST1B0XS,R2P55-S-CT1
2025-04-04 23:51:54,FYST1B00S,R2P55-S-CT2
2025-04-04 23:51:55,FYST1B00M,R2P55-S-CT3
2025-04-04 23:51:57,FYST1B00L,R2P55-S-DT1
2025-04-04 23:51:58,FYST1B0XL,R2P55-S-DT2
2025-04-04 23:52:06,FYST2H0XS,R2O55-S-AT1
2025-04-04 23:52:07,FYST2H00S,R2O55-S-AT2
2025-04-04 23:52:08,FYST2H00M,R2O55-S-AT3
2025-04-04 23:52:10,FYST2H00L,R2O55-S-BT1
2025-04-04 23:52:11,FYST2H0XL,R2O55-S-BT2
2025-04-04 23:52:18,FYST1Y0XS,R2O55-S-CT1
2025-04-04 23:52:19,FYST1Y00S,R2O55-S-CT2
2025-04-04 23:52:20,FYST1Y00M,R2O55-S-CT3
2025-04-04 23:52:22,FYST1Y00L,R2O55-S-DT1
2025-04-04 23:52:23,FYST1Y0XL,R2O55-S-DT2
2025-04-04 23:52:27,CCYTH50XS,R2N55-S-AT1
2025-04-04 23:52:31,CCYTH500S,R2N55-S-AT2
2025-04-04 23:52:31,CCYTH500M,R2N55-S-AT3
2025-04-04 23:52:33,CCYTH500L,R2N55-S-BT1
2025-04-04 23:52:34,CCYTH50XL,R2N55-S-BT2
2025-04-04 23:52:38,CCYTO30XS,R2N55-S-CT1
2025-04-04 23:52:39,CCYTO300S,R2N55-S-CT2
2025-04-04 23:52:40,CCYTO300M,R2N55-S-CT3
2025-04-04 23:52:42,CCYTO300L,R2N55-S-DT1
2025-04-04 23:52:44,CCYTO30XL,R2N55-S-DT2
2025-04-04 23:52:49,CCYTB70XS,R2M55-S-AT1
2025-04-04 23:52:50,CCYTB700S,R2M55-S-AT2
2025-04-04 23:52:51,CCYTB700M,R2M55-S-AT3
2025-04-04 23:52:53,CCYTB700L,R2M55-S-BT1
2025-04-04 23:52:54,CCYTB70XL,R2M55-S-BT2
2025-04-04 23:52:56,CCYTJ50XS,R2M55-S-CT1
2025-04-04 23:52:57,CCYTJ500S,R2M55-S-CT2
2025-04-04 23:52:58,CCYTJ500M,R2M55-S-CT3
2025-04-04 23:52:58,CCYTJ500M,R2M55-S-CT3
2025-04-04 23:53:00,CCYTJ500L,R2M55-S-DT1
2025-04-04 23:53:02,CCYTJ50XL,R2M55-S-DT2
2025-04-04 23:53:07,CCYTA90XS,R2M53-N-AT1
2025-04-04 23:53:08,CCYTA900S,R2M53-N-AT2
2025-04-04 23:53:10,CCYTA900M,R2M53-N-AT3
2025-04-04 23:53:11,CCYTA900L,R2M53-N-BT1
2025-04-04 23:53:12,CCYTA90XL,R2M53-N-BT2
2025-04-04 23:53:18,CCYTK90XS,R2M53-N-CT1
2025-04-04 23:53:24,CCYTK900S,R2M53-N-CT2
2025-04-04 23:53:26,CCYTK900M,R2M53-N-CT2
2025-04-04 23:53:27,CCYTK900M,R2M53-N-CT3
2025-04-04 23:53:30,CCYTK900L,R2M53-N-DT1
2025-04-04 23:53:31,CCYTK90XL,R2M53-N-DT2
2025-04-04 23:53:36,BCPT6H0XL,R2N53-N-AT1
2025-04-04 23:53:37,BCPT6H2XL,R2N53-N-AT2
2025-04-04 23:53:39,BCPT6H00S,R2N53-N-BT1
2025-04-04 23:53:41,BCPT6H00M,R2N53-N-BT2
2025-04-04 23:53:42,BCPT6H00L,R2N53-N-BT3
2025-04-04 23:53:44,BCPT1N0XL,R2N53-N-CT1
2025-04-04 23:53:45,BCPT1N2XL,R2N53-N-CT2
2025-04-04 23:53:51,BCPT1N00S,R2N53-N-DT1
2025-04-04 23:54:32,BCPT1N00M,R2N53-N-DT2
2025-04-04 23:54:37,BCPT1N00L,R2N53-N-DT3
2025-04-04 23:54:42,BCPT1B0XL,R2O53-N-AT1
2025-04-04 23:54:43,BCPT1B2XL,R2O53-N-AT2
2025-04-04 23:54:46,BCPT1B00S,R2O53-N-BT1
2025-04-04 23:54:47,BCPT1B00M,R2O53-N-BT2
2025-04-04 23:54:48,BCPT1B00L,R2O53-N-BT3
2025-04-04 23:54:51,BCPT1W0XL,R2O53-N-CT1
2025-04-04 23:54:52,BCPT1W0XL,R2O53-N-CT1
2025-04-04 23:54:53,BCPT1W2XL,R2O53-N-CT1
2025-04-04 23:54:55,BCPT1W00S,R2O53-N-DT1
2025-04-04 23:54:55,BCPT1W00M,R2O53-N-DT2
2025-04-04 23:54:56,BCPT1W00L,R2O53-N-DT3
2025-04-04 23:55:02,BCPT5C0XL,R2P53-N-AT1
2025-04-04 23:55:03,BCPT5C2XL,R2P53-N-AT2
2025-04-04 23:55:05,BCPT5C00S,R2P53-N-BT1
2025-04-04 23:55:06,BCPT5C00M,R2P53-N-BT2
2025-04-04 23:55:07,BCPT5C00L,R2P53-N-BT3
2025-04-04 23:55:09,BCPT1K0XL,R2P53-N-CT1
2025-04-04 23:55:10,BCPT1K2XL,R2P53-N-CT2
2025-04-04 23:55:12,BCPT1K00S,R2P53-N-DT1
2025-04-04 23:55:13,BCPT1K00M,R2P53-N-DT2
2025-04-04 23:55:14,BCPT1K00L,R2P53-N-DT3
2025-04-04 23:55:18,BCDV1N0XL,R2Q53-N-AT1
2025-04-04 23:55:19,BCDV1N2XL,R2Q53-N-AT2
2025-04-04 23:55:22,BCDV1N00S,R2Q53-N-BT1
2025-04-04 23:55:23,BCDV1N00M,R2Q53-N-BT2
2025-04-04 23:55:26,BCDV1N00L,R2Q53-N-BT3
2025-04-04 23:55:40,BCMT1B00S,R2Q53-S-AT1
2025-04-04 23:55:43,BCMT1B00M,R2Q53-S-AT2
2025-04-04 23:55:46,BCMT1B00L,R2Q53-S-BT1
2025-04-04 23:55:46,BCMT1B0XL,R2Q53-S-BT2
2025-04-04 23:55:48,BCMT1B2XL,R2Q53-S-BT3
2025-04-04 23:55:49,BCMT1W00S,R2Q53-S-CT1
2025-04-04 23:55:50,BCMT1W00M,R2Q53-S-CT2
2025-04-04 23:56:18,BCMT1W00L,R2Q53-S-DT1
2025-04-04 23:56:23,BCMT1W0XL,R2Q53-S-DT2
2025-04-04 23:56:30,BCMTP700S,R2P53-S-AT1
2025-04-04 23:56:31,BCMTP700M,R2P53-S-AT2
2025-04-04 23:56:31,BCMTP700M,R2P53-S-AT2
2025-04-04 23:56:39,BCMTP700L,R2P53-S-BT1
2025-04-04 23:56:40,BCMTP70XL,R2P53-S-BT2
2025-04-04 23:56:42,BCMTP72XL,R2P53-S-BT3
2025-04-04 23:56:45,BCMTH000S,R2P53-S-CT1
2025-04-04 23:56:47,BCMTH000M,R2P53-S-CT2
2025-04-04 23:56:50,BCMTH000L,R2P53-S-DT1
2025-04-04 23:56:51,BCMTH00XL,R2P53-S-DT2
2025-04-04 23:56:53,BCMTH02XL,R2P53-S-DT3
2025-04-04 23:57:00,BCMT1K00S,R2O53-S-AT1
2025-04-04 23:57:02,BCMT1K00M,R2O53-S-AT2
2025-04-04 23:57:05,BCMT1K00L,R2O53-S-BT1
2025-04-04 23:57:06,BCMT1K0XL,R2O53-S-BT2
2025-04-04 23:57:07,BCMT1K2XL,R2O53-S-BT3
2025-04-04 23:57:09,BCMTP800S,R2O53-S-CT1
2025-04-04 23:57:11,BCMTP800M,R2O53-S-CT2
2025-04-04 23:57:27,BCMTP800L,R2O53-S-DT1
2025-04-04 23:57:31,BCMTP80XL,R2O53-S-DT2
2025-04-04 23:57:32,BCMTP82XL,R2O53-S-DT2
2025-04-04 23:57:33,BCMTP82XL,R2O53-S-DT3
2025-04-04 23:57:42,CCYTF50XS,R2M53-S-AT1
2025-04-04 23:57:43,CCYTF500S,R2M53-S-AT2
2025-04-04 23:57:44,CCYTF500M,R2M53-S-AT3
2025-04-04 23:57:45,CCYTF500L,R2M53-S-BT1
2025-04-04 23:57:46,CCYTF50XL,R2M53-S-BT2
2025-04-04 23:57:56,CCYTO20XS,R2M53-S-CT1
2025-04-04 23:57:57,CCYTO200S,R2M53-S-CT2
2025-04-04 23:57:58,CCYTO200M,R2M53-S-CT3
2025-04-04 23:58:00,CCYTO200L,R2M53-S-DT1
2025-04-04 23:58:01,CCYTO20XL,R2M53-S-DT2
2025-04-04 23:58:19,CCYT1W0XS,R2M51-N-AT1
2025-04-04 23:58:22,CCYT1W00S,R2M51-N-AT2
2025-04-04 23:58:23,CCYT1W00M,R2M51-N-AT3
2025-04-04 23:58:25,CCYT1W00L,R2M51-N-BT1
2025-04-04 23:58:27,CCYT1W0XL,R2M51-N-BT2
2025-04-04 23:58:36,CCYTF60XS,R2M51-N-CT1
2025-04-04 23:58:37,CCYTF600S,R2M51-N-CT2
2025-04-04 23:58:38,CCYTF600M,R2M51-N-CT3
2025-04-04 23:58:40,CCYTF600L,R2M51-N-DT1
2025-04-04 23:58:41,CCYTF60XL,R2M51-N-DT2
2025-04-04 23:58:44,CCYTN00XS,R2N51-N-AT1
2025-04-04 23:58:45,CCYTN000S,R2N51-N-AT2
2025-04-04 23:58:46,CCYTN000M,R2N51-N-AT3
2025-04-04 23:58:48,CCYTN000L,R2N51-N-BT1
2025-04-04 23:58:49,CCYTN00XL,R2N51-N-BT2
2025-04-04 23:58:57,CCYT1B0XS,R2N51-N-CT1
2025-04-04 23:58:59,CCYT1B00S,R2N51-N-CT2
2025-04-04 23:59:00,CCYT1B00M,R2N51-N-CT3
2025-04-04 23:59:03,CCYT1B00L,R2N51-N-DT1
2025-04-04 23:59:07,CCYT1B00L,R2N51-N-DT1
2025-04-04 23:59:10,CCYT1B0XL,R2N51-N-DT2
2025-04-04 23:59:15,CCYT8S0XS,R2O51-N-AT1
2025-04-04 23:59:18,CCYT8S00S,R2O51-N-AT2
2025-04-04 23:59:19,CCYT8S00M,R2O51-N-AT3
2025-04-04 23:59:20,CCYT8S00L,R2O51-N-BT1
2025-04-04 23:59:21,CCYT8S0XL,R2O51-N-BT2
2025-04-04 23:59:24,CCYTG00XS,R2O51-N-CT1
2025-04-04 23:59:26,CCYTG000S,R2O51-N-CT2
2025-04-04 23:59:27,CCYTG000M,R2O51-N-CT3
2025-04-04 23:59:29,CCYTG000L,R2O51-N-DT1
2025-04-04 23:59:30,CCYTG00XL,R2O51-N-DT2
2025-04-04 23:59:35,CCYT6Y0XS,R2P51-N-AT1
2025-04-04 23:59:37,CCYT6Y00S,R2P51-N-AT2
2025-04-04 23:59:38,CCYT6Y00M,R2P51-N-AT3
2025-04-04 23:59:39,CCYT6Y00L,R2P51-N-BT1
2025-04-04 23:59:40,CCYT6Y0XL,R2P51-N-BT2
2025-04-04 23:59:42,CCYTC40XS,R2P51-N-CT1
2025-04-04 23:59:43,CCYTC400S,R2P51-N-CT2
2025-04-04 23:59:44,CCYTC400M,R2P51-N-CT3
2025-04-04 23:59:46,CCYTC400L,R2P51-N-DT1
2025-04-04 23:59:47,CCYTC40XL,R2P51-N-DT2
2025-04-04 23:59:51,CCYTN60XS,R2Q51-N-AT2
2025-04-04 23:59:52,CCYTN600S,R2Q51-N-AT3
2025-04-04 23:59:53,CCYTN600M,R2Q51-N-BT1
2025-04-04 23:59:55,CCYTN600L,R2Q51-N-BT2
2025-04-04 23:59:56,CCYTN60XL,R2Q51-N-BT3
2025-04-04 23:59:59,CCYTD50XS,R2Q51-N-CT2
2025-04-05 00:00:01,CCYTD500S,R2Q51-N-CT3
2025-04-05 00:00:02,CCYTD500M,R2Q51-N-DT1
2025-04-05 00:00:10,CCYTD500L,R2Q51-N-DT2
2025-04-05 00:00:12,CCYTD50XL,R2Q51-N-DT3
2025-04-05 00:00:37,CCYTI20XS,R2Q51-S-AT1
2025-04-05 00:00:38,CCYTI200S,R2Q51-S-AT2
2025-04-05 00:00:39,CCYTI200M,R2Q51-S-AT3
2025-04-05 00:00:41,CCYTI200L,R2Q51-S-BT1
2025-04-05 00:00:42,CCYTI20XL,R2Q51-S-BT2
2025-04-05 00:00:46,CCYT8P0XS,R2Q51-S-CT1
2025-04-05 00:00:47,CCYT8P00S,R2Q51-S-CT2
2025-04-05 00:00:49,CCYT8P00M,R2Q51-S-CT3
2025-04-05 00:00:50,CCYT8P00L,R2Q51-S-DT1
2025-04-05 00:00:52,CCYT8P0XL,R2Q51-S-DT2
2025-04-05 00:00:59,CCYTK30XS,R2P51-S-AT1
2025-04-05 00:01:01,CCYTK300S,R2P51-S-AT2
2025-04-05 00:01:03,CCYTK300M,R2P51-S-AT3
2025-04-05 00:01:04,CCYTK300L,R2P51-S-BT1
2025-04-05 00:01:05,CCYTK30XL,R2P51-S-BT2
2025-04-05 00:01:10,CCYTA00XS,R2P51-S-CT1
2025-04-05 00:01:12,CCYTA000S,R2P51-S-CT2
2025-04-05 00:01:14,CCYTA000M,R2P51-S-CT3
2025-04-05 00:01:16,CCYTA000L,R2P51-S-DT1
2025-04-05 00:01:16,CCYTA00XL,R2P51-S-DT2
2025-04-05 00:01:22,CCYTN40XS,R2O51-S-AT1
2025-04-05 00:01:23,CCYTN400S,R2O51-S-AT2
2025-04-05 00:01:24,CCYTN400M,R2O51-S-AT3
2025-04-05 00:01:27,CCYTN400L,R2O51-S-BT1
2025-04-05 00:01:28,CCYTN40XL,R2O51-S-BT2
2025-04-05 00:01:30,CCYTC30XS,R2O51-S-CT1
2025-04-05 00:01:34,CCYTC300S,R2O51-S-CT2
2025-04-05 00:01:35,CCYTC300M,R2O51-S-CT3
2025-04-05 00:01:38,CCYTC300L,R2O51-S-DT1
2025-04-05 00:01:39,CCYTC30XL,R2O51-S-DT2
2025-04-05 00:01:44,CCYT9H0XS,R2N51-S-AT1
2025-04-05 00:01:47,CCYT9H00S,R2N51-S-AT2
2025-04-05 00:01:48,CCYT9H00M,R2N51-S-AT3
2025-04-05 00:01:49,CCYT9H00L,R2N51-S-BT1
2025-04-05 00:01:50,CCYT9H0XL,R2N51-S-BT2
2025-04-05 00:01:52,CCYT9H0XL,R2N51-S-BT2
2025-04-05 00:01:53,CCYTN50XS,R2N51-S-CT1
2025-04-05 00:01:56,CCYTN500S,R2N51-S-CT2
2025-04-05 00:01:56,CCYTN500S,R2N51-S-CT2
2025-04-05 00:01:56,CCYTN500M,R2N51-S-CT3
2025-04-05 00:01:57,CCYTN500M,R2N51-S-CT3
2025-04-05 00:02:01,CCYTN500L,R2N51-S-DT1
2025-04-05 00:02:02,CCYTN50XL,R2N51-S-DT2
2025-04-05 00:02:05,CCYT6L0XS,R2M51-S-AT1
2025-04-05 00:02:10,CCYT6L00S,R2M51-S-AT2
2025-04-05 00:02:13,CCYT6L00M,R2M51-S-AT3
2025-04-05 00:02:16,CCYT6L00L,R2M51-S-BT1
2025-04-05 00:02:18,CCYT6L0XL,R2M51-S-BT2
2025-04-05 00:02:21,CCYT1R0XS,R2M51-S-CT1
2025-04-05 00:02:22,CCYT1R00S,R2M51-S-CT2
2025-04-05 00:02:23,CCYT1R00M,R2M51-S-CT3
2025-04-05 00:02:24,CCYT1R00L,R2M51-S-DT1
2025-04-05 00:02:25,CCYT1R0XL,R2M51-S-DT2
2025-04-05 00:02:39,ASHDJ02XL,R2M49-N-AD1
2025-04-05 00:02:40,ASHDJ03XL,R2M49-N-AD2
2025-04-05 00:02:42,ASHDB62XL,R2M49-N-BD1
2025-04-05 00:02:43,ASHDB63XL,R2M49-N-BD2
2025-04-05 00:02:45,ASHDE72XL,R2M49-N-CD1
2025-04-05 00:02:46,ASHDE73XL,R2M49-N-CD2
2025-04-05 00:02:48,ASHD1P2XL,R2M49-N-DD1
2025-04-05 00:02:49,ASHD1P3XL,R2M49-N-DD2
2025-04-05 00:02:53,UNTT1B0XS,R2N49-N-AT1
2025-04-05 00:02:57,UNTT1B0XL,R2N49-N-AT2
2025-04-05 00:02:58,UNTT1B2XL,R2N49-N-AT3
2025-04-05 00:03:00,UNTT1B00S,R2N49-N-BT1
2025-04-05 00:03:03,UNTT1B00M,R2N49-N-BT2
2025-04-05 00:03:03,UNTT1B00L,R2N49-N-BT3
2025-04-05 00:03:05,UNTT1W0XS,R2N49-N-CT1
2025-04-05 00:03:06,UNTT1W0XL,R2N49-N-CT2
2025-04-05 00:03:08,UNTT1W2XL,R2N49-N-CT3
2025-04-05 00:03:10,UNTT1W00S,R2N49-N-DT1
2025-04-05 00:03:13,UNTT1W00M,R2N49-N-DT2
2025-04-05 00:03:16,UNTT1W00L,R2N49-N-DT3
2025-04-05 00:03:20,UNTT1R0XS,R2O49-N-AT1
2025-04-05 00:03:22,UNTT1R0XL,R2O49-N-AT2
2025-04-05 00:03:23,UNTT1R2XL,R2O49-N-AT3
2025-04-05 00:03:26,UNTT1R00S,R2O49-N-BT1
2025-04-05 00:03:27,UNTT1R00M,R2O49-N-BT2
2025-04-05 00:03:28,UNTT1R00L,R2O49-N-BT3
2025-04-05 00:03:35,UNTT1N0XS,R2P49-N-AT1
2025-04-05 00:03:37,UNTT1N0XL,R2P49-N-AT2
2025-04-05 00:03:38,UNTT1N2XL,R2P49-N-AT3
2025-04-05 00:03:40,UNTT1N00S,R2P49-N-BT1
2025-04-05 00:03:42,UNTT1N00M,R2P49-N-BT2
2025-04-05 00:03:43,UNTT1N00L,R2P49-N-BT3
2025-04-05 00:03:45,UNTT8D0XS,R2P49-N-CT1
2025-04-05 00:03:46,UNTT8D0XS,R2P49-N-CT1
2025-04-05 00:03:48,UNTT8D0XL,R2P49-N-CT2
2025-04-05 00:03:49,UNTT8D2XL,R2P49-N-CT3
2025-04-05 00:03:51,UNTT8D00S,R2P49-N-DT1
2025-04-05 00:03:52,UNTT8D00M,R2P49-N-DT2
2025-04-05 00:03:53,UNTT8D00L,R2P49-N-DT3
2025-04-05 00:03:56,UNTT7J0XS,R2Q49-N-AT1
2025-04-05 00:03:57,UNTT7J0XL,R2Q49-N-AT2
2025-04-05 00:03:57,UNTT7J2XL,R2Q49-N-AT3
2025-04-05 00:03:59,UNTT7J00S,R2Q49-N-BT1
2025-04-05 00:04:00,UNTT7J00M,R2Q49-N-BT2
2025-04-05 00:04:01,UNTT7J00L,R2Q49-N-BT3
2025-04-05 00:04:05,UNTT3Y0XS,R2Q49-N-CT1
2025-04-05 00:04:06,UNTT3Y0XL,R2Q49-N-CT2
2025-04-05 00:04:07,UNTT3Y2XL,R2Q49-N-CT3
2025-04-05 00:04:09,UNTT3Y00S,R2Q49-N-DT1
2025-04-05 00:04:10,UNTT3Y00M,R2Q49-N-DT2
2025-04-05 00:04:11,UNTT3Y00L,R2Q49-N-DT3
2025-04-05 00:06:15,ASHD2H2XL,R2M49-S-DD1
2025-04-05 00:06:16,ASHD2H3XL,R2M49-S-DD2
2025-04-05 00:06:17,ASHD1B2XL,R2M49-S-CD1
2025-04-05 00:06:19,ASHD1B3XL,R2M49-S-CD2
2025-04-05 00:06:20,ASHD2F2XL,R2M49-S-BD1
2025-04-05 00:06:21,ASHD2F3XL,R2M49-S-BD2
2025-04-05 00:06:28,UNTT1K00S,R2N49-S-DT1
2025-04-05 00:06:30,UNTT1K00M,R2N49-S-DT2
2025-04-05 00:06:31,UNTT1K00L,R2N49-S-DT3
2025-04-05 00:06:35,UNTT1K0XS,R2N49-S-CT1
2025-04-05 00:06:37,UNTT1K0XL,R2N49-S-CT2
2025-04-05 00:06:38,UNTT1K2XL,R2N49-S-CT3
2025-04-05 00:06:39,UNTTI000L,R2N49-S-BT3
2025-04-05 00:06:40,UNTTI000M,R2N49-S-BT2
2025-04-05 00:06:42,UNTTI000S,R2N49-S-BT1
2025-04-05 00:06:43,UNTTI00XS,R2N49-S-AT1
2025-04-05 00:06:45,UNTTI00XL,R2N49-S-AT2
2025-04-05 00:06:47,UNTTI02XL,R2N49-S-AT3
2025-04-05 00:06:54,UNTT3K00S,R2O49-S-DT1
2025-04-05 00:06:56,UNTT3K00M,R2O49-S-DT2
2025-04-05 00:06:57,UNTT3K00L,R2O49-S-DT3
2025-04-05 00:07:00,UNTT3K2XL,R2O49-S-CT3
2025-04-05 00:07:01,UNTT3K0XL,R2O49-S-CT2
2025-04-05 00:07:04,UNTT3K0XS,R2O49-S-CT1
2025-04-05 00:07:06,UNTT5C00S,R2O49-S-BT1
2025-04-05 00:07:08,UNTT5C00M,R2O49-S-BT2
2025-04-05 00:07:09,UNTT5C00L,R2O49-S-BT3
2025-04-05 00:07:10,UNTT5C2XL,R2O49-S-AT3
2025-04-05 00:07:12,UNTT5C0XL,R2O49-S-AT2
2025-04-05 00:07:13,UNTT5C0XS,R2O49-S-AT1
2025-04-05 00:07:17,UNTT2H00S,R2P49-S-DT1
2025-04-05 00:07:19,UNTT2H00M,R2P49-S-DT2
2025-04-05 00:07:20,UNTT2H00L,R2P49-S-DT3
2025-04-05 00:07:43,UNTT2H0XS,R2P49-S-CT1
2025-04-05 00:07:45,UNTT2H0XL,R2P49-S-CT2
2025-04-05 00:07:49,UNTT2H2XL,R2P49-S-CT3
2025-04-05 00:07:52,UNTT3E00S,R2P49-S-BT1
2025-04-05 00:07:54,UNTT3E00M,R2P49-S-BT2
2025-04-05 00:07:55,UNTT3E00L,R2P49-S-BT3
2025-04-05 00:07:59,UNTT3E0XS,R2P49-S-AT1
2025-04-05 00:08:01,UNTT3E0XL,R2P49-S-AT2
2025-04-05 00:08:02,UNTT3E2XL,R2P49-S-AT3
2025-04-05 00:08:05,UNTT7G00S,R2Q49-S-DT1
2025-04-05 00:08:07,UNTT7G00M,R2Q49-S-DT2
2025-04-05 00:08:08,UNTT7G00L,R2Q49-S-DT3
2025-04-05 00:08:10,UNTT7G0XS,R2Q49-S-CT1
2025-04-05 00:08:11,UNTT7G0XL,R2Q49-S-CT2
2025-04-05 00:08:12,UNTT7G2XL,R2Q49-S-CT3
2025-04-05 00:08:14,UNTT5K00S,R2Q49-S-BT1
2025-04-05 00:08:16,UNTT5K00M,R2Q49-S-BT2
2025-04-05 00:08:17,UNTT5K00L,R2Q49-S-BT3
2025-04-05 00:08:27,UNTT5K0XS,R2Q49-S-AT1
2025-04-05 00:08:29,UNTT5K0XL,R2Q49-S-AT2
2025-04-05 00:08:31,UNTT5K2XL,R2Q49-S-AT3
2025-04-05 00:08:34,ASHD1P00L,R2Q47-N-DD1
2025-04-05 00:08:36,ASHD1P0XL,R2Q47-N-DD2
2025-04-05 00:08:38,ASHD1P00S,R2Q47-N-CD1
2025-04-05 00:08:39,ASHD1P00M,R2Q47-N-CD2
2025-04-05 00:08:40,ASHDB60XL,R2Q47-N-BD2
2025-04-05 00:09:48,ASHDB600L,R2Q47-N-BD1
2025-04-05 00:09:50,ASHDB600S,R2Q47-N-AD1
2025-04-05 00:09:53,ASHDB600M,R2Q47-N-AD2
2025-04-05 00:09:57,ASHDE700L,R2P47-N-DD1
2025-04-05 00:09:59,ASHDE70XL,R2P47-N-DD2
2025-04-05 00:10:00,ASHDE700S,R2P47-N-CD1
2025-04-05 00:10:02,ASHDE700M,R2P47-N-CD2
2025-04-05 00:10:04,ASHDJ000L,R2P47-N-BD1
2025-04-05 00:10:06,ASHDJ00XL,R2P47-N-BD2
2025-04-05 00:10:10,ASHDJ000S,R2P47-N-AD1
2025-04-05 00:10:12,ASHDJ000M,R2P47-N-AD2
2025-04-05 00:10:15,ASHDO43XL,R2O47-N-DD2
2025-04-05 00:10:18,ASHDO42XL,R2O47-N-DD1
2025-04-05 00:10:19,ASHD1R2XL,R2O47-N-CD1
2025-04-05 00:10:21,ASHD1R3XL,R2O47-N-CD2
2025-04-05 00:10:22,ASHD3Y3XL,R2O47-N-BD2
2025-04-05 00:10:25,ASHD3Y2XL,R2O47-N-BD1
2025-04-05 00:13:32,ASHD1N2XL,R2O47-N-AD1
2025-04-05 00:13:34,ASHD1N3XL,R2O47-N-AD2
2025-04-05 00:13:36,ASHD1R0XL,R2N47-N-DD2
2025-04-05 00:13:38,ASHD1R00L,R2N47-N-DD1
2025-04-05 00:13:39,ASHD1R00S,R2N47-N-CD1
2025-04-05 00:13:40,ASHD1R00M,R2N47-N-CD2
2025-04-05 00:14:39,ASHD1N00L,R2N47-N-BD1
2025-04-05 00:14:40,ASHD1N0XL,R2N47-N-BD2
2025-04-05 00:14:42,ASHD1N00S,R2N47-N-AD1
2025-04-05 00:14:43,ASHD1N00M,R2N47-N-AD2
2025-04-05 00:14:46,ASHDO400L,R2M47-N-DD1
2025-04-05 00:14:47,ASHDO40XL,R2M47-N-DD2
2025-04-05 00:14:49,ASHDO400S,R2M47-N-CD1
2025-04-05 00:14:50,ASHDO400M,R2M47-N-CD2
2025-04-05 00:14:53,ASHD3Y00L,R2M47-N-BD1
2025-04-05 00:14:54,ASHD3Y0XL,R2M47-N-BD2
2025-04-05 00:15:00,ASHD3Y00S,R2M47-N-AD1
2025-04-05 00:15:02,ASHD3Y00M,R2M47-N-AD2
2025-04-05 00:15:09,ASHD1N0XL,R2M47-S-DD2
2025-04-05 00:15:10,ASHD1N00L,R2M47-S-DD1
2025-04-05 00:15:12,ASHD1N00S,R2M47-S-CD1
2025-04-05 00:15:13,ASHD1N00M,R2M47-S-CD2
2025-04-05 00:15:20,ASHD1O00L,R2M47-S-BD1
2025-04-05 00:15:22,ASHD1O0XL,R2M47-S-BD2
2025-04-05 00:15:25,ASHD1O00S,R2M47-S-AD1
2025-04-05 00:15:28,ASHD1O00M,R2M47-S-AD2
2025-04-05 00:15:30,EMPTY,R2M47-S-AD2
2025-04-05 00:15:32,ASHDD300L,R2N47-S-DD1
2025-04-05 00:15:34,ASHDD30XL,R2N47-S-DD2
2025-04-05 00:15:36,ASHDD300S,R2N47-S-CD1
2025-04-05 00:15:37,ASHDD300M,R2N47-S-CD2
2025-04-05 00:15:39,ASHD1W00L,R2N47-S-BD1
2025-04-05 00:15:40,ASHD1W0XL,R2N47-S-BD2
2025-04-05 00:15:42,ASHD1W00S,R2N47-S-AD1
2025-04-05 00:15:44,ASHD1W00M,R2N47-S-AD2
2025-04-05 00:15:48,ASHDD32XL,R2O47-S-DD1
2025-04-05 00:15:49,ASHDD33XL,R2O47-S-DD2
2025-04-05 00:15:51,ASHD1N2XL,R2O47-S-CD1
2025-04-05 00:15:52,ASHD1N3XL,R2O47-S-CD2
2025-04-05 00:15:55,ASHD1W2XL,R2O47-S-BD1
2025-04-05 00:15:57,ASHD1W3XL,R2O47-S-BD2
2025-04-05 00:15:59,ASHD1O2XL,R2O47-S-AD1
2025-04-05 00:16:01,ASHD1O3XL,R2O47-S-AD2
2025-04-05 00:16:05,ASHD2H00L,R2P47-S-DD1
2025-04-05 00:16:07,ASHD2H0XL,R2P47-S-DD2
2025-04-05 00:16:10,ASHD2H00S,R2P47-S-CD1
2025-04-05 00:16:11,ASHD2H00M,R2P47-S-CD2
2025-04-05 00:16:13,ASHD2F00L,R2P47-S-BD1
2025-04-05 00:16:14,ASHD2F0XL,R2P47-S-BD2
2025-04-05 00:16:17,ASHD2F00S,R2P47-S-AD1
2025-04-05 00:16:19,ASHD2F00M,R2P47-S-AD2
2025-04-05 00:16:24,ASHD1B00L,R2Q47-S-DD1
2025-04-05 00:16:26,ASHD1B0XL,R2Q47-S-DD2
2025-04-05 00:16:44,ASHD1B00S,R2Q47-S-CD1
2025-04-05 00:16:45,ASHD1B00M,R2Q47-S-CD2
2025-04-05 00:16:52,ASHD1B0XL,R2Q47-S-BD2
2025-04-05 00:16:54,ASHD1B2XL,R2Q47-S-AD1
2025-04-05 00:16:55,ASHD1B3XL,R2Q47-S-AD2
2025-04-05 00:16:59,SPCY1N00L,R2Q47-S-AD2
2025-04-05 00:17:01,SPCY1N0XL,R2Q45-N-DD1
2025-04-05 00:17:02,SPCY1N00M,R2Q45-N-DD2
2025-04-05 00:17:04,SPCY1N00S,R2Q45-N-CD2
2025-04-05 00:17:05,SPCY3J00L,R2Q45-N-CD1
2025-04-05 00:17:07,SPCY3J00L,R2Q45-N-BD1
2025-04-05 00:17:07,SPCY3J0XL,R2Q45-N-BD1
2025-04-05 00:17:08,SPCY3J0XL,R2Q45-N-BD2
